INSERT INTO railwaystation(id, name) VALUES(0, 'Wien Hauptbahnhof');
INSERT INTO railwaystation(id, name) VALUES(1, 'Wien Meidling');
INSERT INTO railwaystation(id, name) VALUES(2, 'St. Pölten');
INSERT INTO railwaystation(id, name) VALUES(3, 'Amstetten');
INSERT INTO railwaystation(id, name) VALUES(4, 'Linz/Donau');
INSERT INTO railwaystation(id, name) VALUES(5, 'Wels');
INSERT INTO railwaystation(id, name) VALUES(6, 'Attnang-Puchheim');
INSERT INTO railwaystation(id, name) VALUES(7, 'Salzburg');
INSERT INTO railwaystation(id, name) VALUES(8, 'Innsbruck');
INSERT INTO railwaystation(id, name) VALUES(9, 'Landeck-Zams');
INSERT INTO railwaystation(id, name) VALUES(10, 'Bludenz');
INSERT INTO railwaystation(id, name) VALUES(11, 'Feldkirch');
INSERT INTO railwaystation(id, name) VALUES(12, 'Buchs SG');
INSERT INTO railwaystation(id, name) VALUES(13, 'Sargans');
INSERT INTO railwaystation(id, name) VALUES(14, 'Zürich');
INSERT INTO railwaystation(id, name) VALUES(15, 'Wr.Neustadt');
INSERT INTO railwaystation(id, name) VALUES(16, 'Bruck/Mur');
INSERT INTO railwaystation(id, name) VALUES(17, 'Leoben');
INSERT INTO railwaystation(id, name) VALUES(20, 'Klagenfurt');
INSERT INTO railwaystation(id, name) VALUES(21, 'Villach');
INSERT INTO railwaystation(id, name) VALUES(22, 'Tarvisio Boscoverde');
INSERT INTO railwaystation(id, name) VALUES(23, 'Bologna');
INSERT INTO railwaystation(id, name) VALUES(24, 'Firenze');
INSERT INTO railwaystation(id, name) VALUES(25, 'Arezzo');
INSERT INTO railwaystation(id, name) VALUES(26, 'Chiusi-Chianciano Terme');
INSERT INTO railwaystation(id, name) VALUES(27, 'Orvieto');
INSERT INTO railwaystation(id, name) VALUES(28, 'Roma');
INSERT INTO railwaystation(id, name) VALUES(29, 'Breclav');
INSERT INTO railwaystation(id, name) VALUES(30, 'Ostrava');
INSERT INTO railwaystation(id, name) VALUES(31, 'Bohumin');
INSERT INTO railwaystation(id, name) VALUES(32, 'Chalupki');
INSERT INTO railwaystation(id, name) VALUES(33, 'Raciborz');
INSERT INTO railwaystation(id, name) VALUES(34, 'Kedzierzyn Kozle');
INSERT INTO railwaystation(id, name) VALUES(35, 'Opole Glowne');
INSERT INTO railwaystation(id, name) VALUES(36, 'Wroclaw Glowny');
INSERT INTO railwaystation(id, name) VALUES(37, 'Glogow');
INSERT INTO railwaystation(id, name) VALUES(38, 'Zielona Gora');
INSERT INTO railwaystation(id, name) VALUES(39, 'Rzepin');
INSERT INTO railwaystation(id, name) VALUES(40, 'Frankfurt(Oder)');
INSERT INTO railwaystation(id, name) VALUES(41, 'Berlin Ostbahnhof');
INSERT INTO railwaystation(id, name) VALUES(42, 'Berlin Hauptbahnhof');
INSERT INTO railwaystation(id, name) VALUES(43, 'Berlin-Charlottenburg');

INSERT INTO trainconnection(id, code) VALUES(0, 'NJ 466');
INSERT INTO trainconnection(id, code) VALUES(1, 'NJ 467');

INSERT INTO trainconnection(id, code) VALUES(2, 'NJ 40233');
INSERT INTO trainconnection(id, code) VALUES(3, 'NJ 40294');

INSERT INTO trainconnection(id, code) VALUES(4, 'NJ 456');
INSERT INTO trainconnection(id, code) VALUES(5, 'NJ 457');

INSERT INTO traincar(id, number, type, capacity, trainconnection_id) VALUES(0, 20, 'SLEEPER', 16, 0);
INSERT INTO traincar(id, number, type, capacity, trainconnection_id) VALUES(1, 21, 'SLEEPER', 24, 0);
INSERT INTO traincar(id, number, type, capacity, trainconnection_id) VALUES(2, 22, 'COUCHETTE', 42, 0);
INSERT INTO traincar(id, number, type, capacity, trainconnection_id) VALUES(3, 23, 'COUCHETTE', 42, 0);
INSERT INTO traincar(id, number, type, capacity, trainconnection_id) VALUES(4, 24, 'COUCHETTE', 42, 0);
INSERT INTO traincar(id, number, type, capacity, trainconnection_id) VALUES(5, 25, 'SEAT', 96, 0);
INSERT INTO traincar(id, number, type, capacity, trainconnection_id) VALUES(6, 26, 'SEAT', 96, 0);

INSERT INTO traincar(id, number, type, capacity, trainconnection_id) VALUES(10, 20, 'SLEEPER', 16, 1);
INSERT INTO traincar(id, number, type, capacity, trainconnection_id) VALUES(11, 21, 'SLEEPER', 24, 1);
INSERT INTO traincar(id, number, type, capacity, trainconnection_id) VALUES(12, 22, 'COUCHETTE', 42, 1);
INSERT INTO traincar(id, number, type, capacity, trainconnection_id) VALUES(13, 23, 'COUCHETTE', 42, 1);
INSERT INTO traincar(id, number, type, capacity, trainconnection_id) VALUES(14, 24, 'COUCHETTE', 42, 1);
INSERT INTO traincar(id, number, type, capacity, trainconnection_id) VALUES(15, 25, 'SEAT', 96, 1);
INSERT INTO traincar(id, number, type, capacity, trainconnection_id) VALUES(16, 26, 'SEAT', 96, 1);

INSERT INTO traincar(id, number, type, capacity, trainconnection_id) VALUES(20, 10, 'SLEEPER', 16, 2);
INSERT INTO traincar(id, number, type, capacity, trainconnection_id) VALUES(21, 11, 'SLEEPER', 24, 2);
INSERT INTO traincar(id, number, type, capacity, trainconnection_id) VALUES(22, 11, 'SLEEPER', 24, 2);
INSERT INTO traincar(id, number, type, capacity, trainconnection_id) VALUES(23, 12, 'COUCHETTE', 42, 2);
INSERT INTO traincar(id, number, type, capacity, trainconnection_id) VALUES(24, 13, 'COUCHETTE', 42, 2);
INSERT INTO traincar(id, number, type, capacity, trainconnection_id) VALUES(25, 14, 'COUCHETTE', 42, 2);
INSERT INTO traincar(id, number, type, capacity, trainconnection_id) VALUES(26, 14, 'COUCHETTE', 42, 2);
INSERT INTO traincar(id, number, type, capacity, trainconnection_id) VALUES(27, 15, 'SEAT', 96, 2);
INSERT INTO traincar(id, number, type, capacity, trainconnection_id) VALUES(28, 16, 'SEAT', 96, 2);

INSERT INTO traincar(id, number, type, capacity, trainconnection_id) VALUES(30, 10, 'SLEEPER', 16, 3);
INSERT INTO traincar(id, number, type, capacity, trainconnection_id) VALUES(31, 11, 'SLEEPER', 24, 3);
INSERT INTO traincar(id, number, type, capacity, trainconnection_id) VALUES(32, 11, 'SLEEPER', 24, 3);
INSERT INTO traincar(id, number, type, capacity, trainconnection_id) VALUES(33, 12, 'COUCHETTE', 42, 3);
INSERT INTO traincar(id, number, type, capacity, trainconnection_id) VALUES(34, 13, 'COUCHETTE', 42, 3);
INSERT INTO traincar(id, number, type, capacity, trainconnection_id) VALUES(35, 14, 'COUCHETTE', 42, 3);
INSERT INTO traincar(id, number, type, capacity, trainconnection_id) VALUES(36, 14, 'COUCHETTE', 42, 3);
INSERT INTO traincar(id, number, type, capacity, trainconnection_id) VALUES(37, 15, 'SEAT', 96, 3);
INSERT INTO traincar(id, number, type, capacity, trainconnection_id) VALUES(38, 16, 'SEAT', 96, 3);

INSERT INTO traincar(id, number, type, capacity, trainconnection_id) VALUES(40, 20, 'SLEEPER', 16, 4);
INSERT INTO traincar(id, number, type, capacity, trainconnection_id) VALUES(41, 21, 'SLEEPER', 24, 4);
INSERT INTO traincar(id, number, type, capacity, trainconnection_id) VALUES(42, 22, 'COUCHETTE', 42, 4);
INSERT INTO traincar(id, number, type, capacity, trainconnection_id) VALUES(43, 23, 'COUCHETTE', 42, 4);
INSERT INTO traincar(id, number, type, capacity, trainconnection_id) VALUES(44, 24, 'COUCHETTE', 42, 4);
INSERT INTO traincar(id, number, type, capacity, trainconnection_id) VALUES(45, 25, 'SEAT', 96, 4);
INSERT INTO traincar(id, number, type, capacity, trainconnection_id) VALUES(46, 26, 'SEAT', 96, 4);

INSERT INTO traincar(id, number, type, capacity, trainconnection_id) VALUES(50, 20, 'SLEEPER', 16, 5);
INSERT INTO traincar(id, number, type, capacity, trainconnection_id) VALUES(51, 21, 'SLEEPER', 24, 5);
INSERT INTO traincar(id, number, type, capacity, trainconnection_id) VALUES(52, 22, 'COUCHETTE', 42, 5);
INSERT INTO traincar(id, number, type, capacity, trainconnection_id) VALUES(53, 23, 'COUCHETTE', 42, 5);
INSERT INTO traincar(id, number, type, capacity, trainconnection_id) VALUES(54, 24, 'COUCHETTE', 42, 5);
INSERT INTO traincar(id, number, type, capacity, trainconnection_id) VALUES(55, 25, 'SEAT', 96, 5);
INSERT INTO traincar(id, number, type, capacity, trainconnection_id) VALUES(56, 26, 'SEAT', 96, 5);

INSERT INTO railwaystationconnection(departurestation_id, arrivalstation_id, trainconnection_id, departuretime, arrivaltime) VALUES(0, 1, 0, '21:27:00', '21:32:00');
INSERT INTO railwaystationconnection(departurestation_id, arrivalstation_id, trainconnection_id, departuretime, arrivaltime) VALUES(1, 2, 0, '21:35:00', '22:00:00');
INSERT INTO railwaystationconnection(departurestation_id, arrivalstation_id, trainconnection_id, departuretime, arrivaltime) VALUES(2, 3, 0, '22:02:00', '22:27:00');
INSERT INTO railwaystationconnection(departurestation_id, arrivalstation_id, trainconnection_id, departuretime, arrivaltime) VALUES(3, 4, 0, '22:29:00', '22:55:00');
INSERT INTO railwaystationconnection(departurestation_id, arrivalstation_id, trainconnection_id, departuretime, arrivaltime) VALUES(4, 5, 0, '22:58:00', '23:14:00');
INSERT INTO railwaystationconnection(departurestation_id, arrivalstation_id, trainconnection_id, departuretime, arrivaltime) VALUES(5, 6, 0, '23:16:00', '23:32:00');
INSERT INTO railwaystationconnection(departurestation_id, arrivalstation_id, trainconnection_id, departuretime, arrivaltime) VALUES(6, 7, 0, '23:34:00', '00:24:00');
INSERT INTO railwaystationconnection(departurestation_id, arrivalstation_id, trainconnection_id, departuretime, arrivaltime) VALUES(7, 8, 0, '02:30:00', '04:23:00');
INSERT INTO railwaystationconnection(departurestation_id, arrivalstation_id, trainconnection_id, departuretime, arrivaltime) VALUES(8, 9, 0, '04:31:00', '05:18:00');
INSERT INTO railwaystationconnection(departurestation_id, arrivalstation_id, trainconnection_id, departuretime, arrivaltime) VALUES(9, 10, 0, '05:20:00', '06:20:00');
INSERT INTO railwaystationconnection(departurestation_id, arrivalstation_id, trainconnection_id, departuretime, arrivaltime) VALUES(10, 11, 0, '06:25:00', '06:37:00');
INSERT INTO railwaystationconnection(departurestation_id, arrivalstation_id, trainconnection_id, departuretime, arrivaltime) VALUES(11, 12, 0, '06:40:00', '06:56:00');
INSERT INTO railwaystationconnection(departurestation_id, arrivalstation_id, trainconnection_id, departuretime, arrivaltime) VALUES(12, 13, 0, '07:11:00', '07:23:00');
INSERT INTO railwaystationconnection(departurestation_id, arrivalstation_id, trainconnection_id, departuretime, arrivaltime) VALUES(13, 14, 0, '07:25:00', '08:20:00');

INSERT INTO railwaystationconnection(departurestation_id, arrivalstation_id, trainconnection_id, departuretime, arrivaltime) VALUES(14, 13, 1, '21:40:00', '22:35:00');
INSERT INTO railwaystationconnection(departurestation_id, arrivalstation_id, trainconnection_id, departuretime, arrivaltime) VALUES(13, 12, 1, '22:37:00', '22:49:00');
INSERT INTO railwaystationconnection(departurestation_id, arrivalstation_id, trainconnection_id, departuretime, arrivaltime) VALUES(12, 11, 1, '23:05:00', '23:21:00');
INSERT INTO railwaystationconnection(departurestation_id, arrivalstation_id, trainconnection_id, departuretime, arrivaltime) VALUES(11, 10, 1, '23:24:00', '23:37:00');
INSERT INTO railwaystationconnection(departurestation_id, arrivalstation_id, trainconnection_id, departuretime, arrivaltime) VALUES(10, 9, 1, '23:40:00', '00:34:00');
INSERT INTO railwaystationconnection(departurestation_id, arrivalstation_id, trainconnection_id, departuretime, arrivaltime) VALUES(9, 8, 1, '00:36:00', '01:20:00');
INSERT INTO railwaystationconnection(departurestation_id, arrivalstation_id, trainconnection_id, departuretime, arrivaltime) VALUES(8, 7, 1, '01:28:00', '03:22:00');
INSERT INTO railwaystationconnection(departurestation_id, arrivalstation_id, trainconnection_id, departuretime, arrivaltime) VALUES(7, 6, 1, '04:36:00', '05:22:00');
INSERT INTO railwaystationconnection(departurestation_id, arrivalstation_id, trainconnection_id, departuretime, arrivaltime) VALUES(6, 5, 1, '05:25:00', '05:40:00');
INSERT INTO railwaystationconnection(departurestation_id, arrivalstation_id, trainconnection_id, departuretime, arrivaltime) VALUES(5, 4, 1, '05:43:00', '05:58:00');
INSERT INTO railwaystationconnection(departurestation_id, arrivalstation_id, trainconnection_id, departuretime, arrivaltime) VALUES(4, 3, 1, '06:15:00', '06:41:00');
INSERT INTO railwaystationconnection(departurestation_id, arrivalstation_id, trainconnection_id, departuretime, arrivaltime) VALUES(3, 2, 1, '06:43:00', '07:10:00');
INSERT INTO railwaystationconnection(departurestation_id, arrivalstation_id, trainconnection_id, departuretime, arrivaltime) VALUES(2, 1, 1, '07:12:00', '07:44:00');
INSERT INTO railwaystationconnection(departurestation_id, arrivalstation_id, trainconnection_id, departuretime, arrivaltime) VALUES(1, 0, 1, '07:49:00', '08:55:00');

INSERT INTO railwaystationconnection(departurestation_id, arrivalstation_id, trainconnection_id, departuretime, arrivaltime) VALUES(0, 29, 4, '22:10:00', '23:07:00');
INSERT INTO railwaystationconnection(departurestation_id, arrivalstation_id, trainconnection_id, departuretime, arrivaltime) VALUES(29, 30, 4, '23:50:00', '01:30:00');
INSERT INTO railwaystationconnection(departurestation_id, arrivalstation_id, trainconnection_id, departuretime, arrivaltime) VALUES(30, 31, 4, '01:32:00', '01:39:00');
INSERT INTO railwaystationconnection(departurestation_id, arrivalstation_id, trainconnection_id, departuretime, arrivaltime) VALUES(31, 32, 4, '02:15:00', '02:21:00');
INSERT INTO railwaystationconnection(departurestation_id, arrivalstation_id, trainconnection_id, departuretime, arrivaltime) VALUES(32, 33, 4, '02:22:00', '04:29:00');
INSERT INTO railwaystationconnection(departurestation_id, arrivalstation_id, trainconnection_id, departuretime, arrivaltime) VALUES(33, 34, 4, '04:31:00', '05:11:00');
INSERT INTO railwaystationconnection(departurestation_id, arrivalstation_id, trainconnection_id, departuretime, arrivaltime) VALUES(34, 35, 4, '05:36:00', '06:15:00');
INSERT INTO railwaystationconnection(departurestation_id, arrivalstation_id, trainconnection_id, departuretime, arrivaltime) VALUES(35, 36, 4, '06:16:00', '06:30:00');
INSERT INTO railwaystationconnection(departurestation_id, arrivalstation_id, trainconnection_id, departuretime, arrivaltime) VALUES(36, 37, 4, '06:31:00', '06:55:00');
INSERT INTO railwaystationconnection(departurestation_id, arrivalstation_id, trainconnection_id, departuretime, arrivaltime) VALUES(37, 38, 4, '06:56:00', '07:33:00');
INSERT INTO railwaystationconnection(departurestation_id, arrivalstation_id, trainconnection_id, departuretime, arrivaltime) VALUES(38, 39, 4, '07:34:00', '08:20:00');
INSERT INTO railwaystationconnection(departurestation_id, arrivalstation_id, trainconnection_id, departuretime, arrivaltime) VALUES(39, 40, 4, '08:23:00', '08:44:00');
INSERT INTO railwaystationconnection(departurestation_id, arrivalstation_id, trainconnection_id, departuretime, arrivaltime) VALUES(40, 41, 4, '08:47:00', '09:35:00');
INSERT INTO railwaystationconnection(departurestation_id, arrivalstation_id, trainconnection_id, departuretime, arrivaltime) VALUES(41, 42, 4, '09:37:00', '09:48:00');
INSERT INTO railwaystationconnection(departurestation_id, arrivalstation_id, trainconnection_id, departuretime, arrivaltime) VALUES(42, 43, 4, '09:50:00', '09:59:00');

INSERT INTO railwaystationconnection(departurestation_id, arrivalstation_id, trainconnection_id, departuretime, arrivaltime) VALUES(43, 42, 5, '18:22:00', '18:41:00');
INSERT INTO railwaystationconnection(departurestation_id, arrivalstation_id, trainconnection_id, departuretime, arrivaltime) VALUES(42, 41, 5, '18:43:00', '18:51:00');
INSERT INTO railwaystationconnection(departurestation_id, arrivalstation_id, trainconnection_id, departuretime, arrivaltime) VALUES(41, 40, 5, '18:53:00', '19:42:00');
INSERT INTO railwaystationconnection(departurestation_id, arrivalstation_id, trainconnection_id, departuretime, arrivaltime) VALUES(40, 39, 5, '19:45:00', '20:04:00');
INSERT INTO railwaystationconnection(departurestation_id, arrivalstation_id, trainconnection_id, departuretime, arrivaltime) VALUES(39, 38, 5, '20:06:00', '20:51:00');
INSERT INTO railwaystationconnection(departurestation_id, arrivalstation_id, trainconnection_id, departuretime, arrivaltime) VALUES(38, 37, 5, '20:53:00', '21:31:00');
INSERT INTO railwaystationconnection(departurestation_id, arrivalstation_id, trainconnection_id, departuretime, arrivaltime) VALUES(37, 36, 5, '21:32:00', '21:57:00');
INSERT INTO railwaystationconnection(departurestation_id, arrivalstation_id, trainconnection_id, departuretime, arrivaltime) VALUES(36, 35, 5, '23:14:00', '23:55:00');
INSERT INTO railwaystationconnection(departurestation_id, arrivalstation_id, trainconnection_id, departuretime, arrivaltime) VALUES(35, 34, 5, '23:57:00', '00:46:00');
INSERT INTO railwaystationconnection(departurestation_id, arrivalstation_id, trainconnection_id, departuretime, arrivaltime) VALUES(34, 33, 5, '00:47:00', '01:15:00');
INSERT INTO railwaystationconnection(departurestation_id, arrivalstation_id, trainconnection_id, departuretime, arrivaltime) VALUES(33, 32, 5, '01:16:00', '01:30:00');
INSERT INTO railwaystationconnection(departurestation_id, arrivalstation_id, trainconnection_id, departuretime, arrivaltime) VALUES(32, 31, 5, '01:34:00', '01:40:00');
INSERT INTO railwaystationconnection(departurestation_id, arrivalstation_id, trainconnection_id, departuretime, arrivaltime) VALUES(31, 30, 5, '02:20:00', '02:27:00');
INSERT INTO railwaystationconnection(departurestation_id, arrivalstation_id, trainconnection_id, departuretime, arrivaltime) VALUES(30, 29, 5, '02:30:00', '04:10:00');
INSERT INTO railwaystationconnection(departurestation_id, arrivalstation_id, trainconnection_id, departuretime, arrivaltime) VALUES(29, 0, 5, '05:49:00', '07:00:00');

INSERT INTO railwaystationconnection(departurestation_id, arrivalstation_id, trainconnection_id, departuretime, arrivaltime) VALUES(0, 15, 2, '19:23:00', '19:56:00');
INSERT INTO railwaystationconnection(departurestation_id, arrivalstation_id, trainconnection_id, departuretime, arrivaltime) VALUES(15, 16, 2, '19:58:00', '21:25:00');
INSERT INTO railwaystationconnection(departurestation_id, arrivalstation_id, trainconnection_id, departuretime, arrivaltime) VALUES(16, 17, 2, '21:27:00', '21:40:00');
INSERT INTO railwaystationconnection(departurestation_id, arrivalstation_id, trainconnection_id, departuretime, arrivaltime) VALUES(17, 20, 2, '21:42:00', '23:35:00');
INSERT INTO railwaystationconnection(departurestation_id, arrivalstation_id, trainconnection_id, departuretime, arrivaltime) VALUES(20, 21, 2, '23:37:00', '00:01:00');
INSERT INTO railwaystationconnection(departurestation_id, arrivalstation_id, trainconnection_id, departuretime, arrivaltime) VALUES(21, 22, 2, '00:55:00', '01:19:00');
INSERT INTO railwaystationconnection(departurestation_id, arrivalstation_id, trainconnection_id, departuretime, arrivaltime) VALUES(22, 23, 2, '01:35:00', '05:17:00');
INSERT INTO railwaystationconnection(departurestation_id, arrivalstation_id, trainconnection_id, departuretime, arrivaltime) VALUES(23, 24, 2, '05:22:00', '06:14:00');
INSERT INTO railwaystationconnection(departurestation_id, arrivalstation_id, trainconnection_id, departuretime, arrivaltime) VALUES(24, 25, 2, '06:36:00', '07:10:00');
INSERT INTO railwaystationconnection(departurestation_id, arrivalstation_id, trainconnection_id, departuretime, arrivaltime) VALUES(25, 26, 2, '07:12:00', '07:45:00');
INSERT INTO railwaystationconnection(departurestation_id, arrivalstation_id, trainconnection_id, departuretime, arrivaltime) VALUES(26, 27, 2, '07:47:00', '08:10:00');
INSERT INTO railwaystationconnection(departurestation_id, arrivalstation_id, trainconnection_id, departuretime, arrivaltime) VALUES(27, 28, 2, '08:12:00', '09:22:00');

INSERT INTO railwaystationconnection(departurestation_id, arrivalstation_id, trainconnection_id, departuretime, arrivaltime) VALUES(28, 27, 3, '18:58:00', '19:49:00');
INSERT INTO railwaystationconnection(departurestation_id, arrivalstation_id, trainconnection_id, departuretime, arrivaltime) VALUES(27, 26, 3, '19:51:00', '20:15:00');
INSERT INTO railwaystationconnection(departurestation_id, arrivalstation_id, trainconnection_id, departuretime, arrivaltime) VALUES(26, 25, 3, '20:17:00', '20:50:00');
INSERT INTO railwaystationconnection(departurestation_id, arrivalstation_id, trainconnection_id, departuretime, arrivaltime) VALUES(25, 24, 3, '20:52:00', '21:33:00');
INSERT INTO railwaystationconnection(departurestation_id, arrivalstation_id, trainconnection_id, departuretime, arrivaltime) VALUES(24, 23, 3, '21:55:00', '22:52:00');
INSERT INTO railwaystationconnection(departurestation_id, arrivalstation_id, trainconnection_id, departuretime, arrivaltime) VALUES(23, 22, 3, '22:57:00', '02:45:00');
INSERT INTO railwaystationconnection(departurestation_id, arrivalstation_id, trainconnection_id, departuretime, arrivaltime) VALUES(22, 21, 3, '03:05:00', '03:27:00');
INSERT INTO railwaystationconnection(departurestation_id, arrivalstation_id, trainconnection_id, departuretime, arrivaltime) VALUES(21, 20, 3, '04:18:00', '04:39:00');
INSERT INTO railwaystationconnection(departurestation_id, arrivalstation_id, trainconnection_id, departuretime, arrivaltime) VALUES(20, 17, 3, '04:40:00', '06:25:00');
INSERT INTO railwaystationconnection(departurestation_id, arrivalstation_id, trainconnection_id, departuretime, arrivaltime) VALUES(17, 16, 3, '06:27:00', '06:39:00');
INSERT INTO railwaystationconnection(departurestation_id, arrivalstation_id, trainconnection_id, departuretime, arrivaltime) VALUES(16, 15, 3, '06:41:00', '08:01:00');
INSERT INTO railwaystationconnection(departurestation_id, arrivalstation_id, trainconnection_id, departuretime, arrivaltime) VALUES(15, 0, 3, '08:03:00', '08:46:00');
